{"cameraMode":{"drawMode":0,"name":"Shaded","section":"Shading Mode"},"sceneLighting":true,"audioPlay":false,"sceneViewState":{"m_AlwaysRefresh":false,"showFog":false,"showSkybox":false,"showFlares":false,"showImageEffects":false,"showParticleSystems":false,"showVisualEffectGraphs":true,"m_FxEnabled":true},"in2DMode":false,"pivot":{"x":3.2607877254486086,"y":-0.241441011428833,"z":0.5881118774414063},"rotation":{"x":0.07340338081121445,"y":0.028419656679034234,"z":-0.002092220587655902,"w":0.9968969821929932},"size":17.02255630493164,"orthographic":false}