{"cameraMode":{"drawMode":0,"name":"Shaded","section":"Shading Mode"},"sceneLighting":true,"audioPlay":false,"sceneViewState":{"m_AlwaysRefresh":false,"showFog":false,"showSkybox":false,"showFlares":false,"showImageEffects":false,"showParticleSystems":false,"showVisualEffectGraphs":true,"m_FxEnabled":true},"in2DMode":false,"pivot":{"x":2.605198383331299,"y":3.140110492706299,"z":0.26990318298339846},"rotation":{"x":0.013498558662831784,"y":-0.002999358344823122,"z":0.000040823168092174456,"w":0.999905526638031},"size":11.708057403564454,"orthographic":false}