{"cameraMode":{"drawMode":0,"name":"Shaded","section":"Shading Mode"},"sceneLighting":true,"audioPlay":false,"sceneViewState":{"m_AlwaysRefresh":false,"showFog":false,"showSkybox":false,"showFlares":false,"showImageEffects":false,"showParticleSystems":false,"showVisualEffectGraphs":true,"m_FxEnabled":true},"in2DMode":false,"pivot":{"x":376.98065185546877,"y":238.05911254882813,"z":-83.01712036132813},"rotation":{"x":-0.022475389763712884,"y":0.04497359320521355,"z":0.0010120178340002895,"w":0.9987359046936035},"size":880.348876953125,"orthographic":true}