{"cameraMode":{"drawMode":0,"name":"Shaded","section":"Shading Mode"},"sceneLighting":true,"audioPlay":false,"sceneViewState":{"m_AlwaysRefresh":false,"showFog":false,"showSkybox":false,"showFlares":false,"showImageEffects":false,"showParticleSystems":false,"showVisualEffectGraphs":true,"m_FxEnabled":true},"in2DMode":false,"pivot":{"x":-2.396172046661377,"y":-3.0923399925231935,"z":0.047176361083984378},"rotation":{"x":0.0014984451700001956,"y":0.02549760229885578,"z":-0.00003773394928430207,"w":0.9996783137321472},"size":8.92676067352295,"orthographic":true}