{"cameraMode":{"drawMode":0,"name":"Shaded","section":"Shading Mode"},"sceneLighting":true,"audioPlay":false,"sceneViewState":{"m_AlwaysRefresh":false,"showFog":false,"showSkybox":false,"showFlares":false,"showImageEffects":false,"showParticleSystems":false,"showVisualEffectGraphs":true,"m_FxEnabled":true},"in2DMode":false,"pivot":{"x":-0.014820881187915802,"y":0.09856416285037995,"z":-0.44895216822624209},"rotation":{"x":0.10777544975280762,"y":0.0164032019674778,"z":-0.0017784676747396589,"w":0.9940388798713684},"size":5.650930404663086,"orthographic":false}