{"cameraMode":{"drawMode":0,"name":"Shaded","section":"Shading Mode"},"sceneLighting":true,"audioPlay":false,"sceneViewState":{"m_AlwaysRefresh":false,"showFog":false,"showSkybox":false,"showFlares":false,"showImageEffects":false,"showParticleSystems":false,"showVisualEffectGraphs":true,"m_FxEnabled":true},"in2DMode":false,"pivot":{"x":0.6056605577468872,"y":-0.00001049041748046875,"z":-0.01998138427734375},"rotation":{"x":0.10777544975280762,"y":0.0164032019674778,"z":-0.0017784676747396589,"w":0.9940388798713684},"size":24.797012329101564,"orthographic":false}